{
    "timestamp": "2025-02-04T17:46:25.555717",
    "AUD_RUB": 60.9923,
    "AZN_RUB": 57.9609,
    "GBP_RUB": 122.2999,
    "AMD_RUB": 0.24837700000000001,
    "BYN_RUB": 28.8371,
    "BGN_RUB": 51.7598,
    "BRL_RUB": 16.7905,
    "HUF_RUB": 0.249654,
    "VND_RUB": 0.00404489,
    "HKD_RUB": 12.6748,
    "GEL_RUB": 34.6913,
    "DKK_RUB": 13.5669,
    "AED_RUB": 26.8301,
    "USD_RUB": 98.5336,
    "EUR_RUB": 102.6852,
    "EGP_RUB": 1.95858,
    "INR_RUB": 1.131,
    "IDR_RUB": 0.00598879,
    "KZT_RUB": 0.188906,
    "CAD_RUB": 67.4749,
    "QAR_RUB": 27.0697,
    "KGS_RUB": 1.12674,
    "CNY_RUB": 13.2985,
    "MDL_RUB": 5.207050000000001,
    "NZD_RUB": 55.366,
    "NOK_RUB": 8.64224,
    "PLN_RUB": 24.1126,
    "RON_RUB": 20.4554,
    "XDR_RUB": 127.8631,
    "SGD_RUB": 72.4885,
    "TJS_RUB": 9.00566,
    "THB_RUB": 2.9066,
    "TRY_RUB": 2.74203,
    "TMT_RUB": 28.1525,
    "UZS_RUB": 0.0075882599999999995,
    "UAH_RUB": 2.35778,
    "CZK_RUB": 4.01244,
    "SEK_RUB": 8.81747,
    "CHF_RUB": 108.3501,
    "RSD_RUB": 0.866443,
    "ZAR_RUB": 5.25667,
    "KRW_RUB": 0.06706619999999999,
    "JPY_RUB": 0.634554
  }